<?xml version="1.0" encoding="UTF-8"?>
<LightningComponentBundle xmlns="http://soap.sforce.com/2006/04/metadata">
    <apiVersion>64.0</apiVersion>
    <isExposed>true</isExposed>
    <masterLabel>Hotel Reservation Details</masterLabel>
    <description>Displays hotel search results with carousel navigation for Agentforce Service Agent</description>
    
    <!-- Target for Agentforce Output -->
    <targets>
        <target>lightning__AgentforceOutput</target>
    </targets>
    
    <!-- Configuration for Agentforce Output -->
    <targetConfigs>
        <targetConfig targets="lightning__AgentforceOutput">
            <!-- 
                The value property receives the entire HotelResponse object
                from the Lightning Type
            -->
            <property 
                name="value" 
                type="Object" 
                label="Hotel Response Data"
                description="Complete hotel search response with all hotel details" />
        </targetConfig>
    </targetConfigs>
</LightningComponentBundle>
